DATE,ALSTHPI,ARSTHPI,AZSTHPI,CASTHPI,COSTHPI,CTSTHPI,DCSTHPI,DESTHPI,FLSTHPI,GASTHPI,HISTHPI,IASTHPI,IDSTHPI,ILSTHPI,INSTHPI,KSSTHPI,KYSTHPI,LASTHPI,MASTHPI,MDSTHPI,MESTHPI,MISTHPI,MNSTHPI,MOSTHPI,MSSTHPI,MTSTHPI,NCSTHPI,NDSTHPI,NESTHPI,NHSTHPI,NJSTHPI,NMSTHPI,NVSTHPI,NYSTHPI,OHSTHPI,OKSTHPI,ORSTHPI,PASTHPI,RISTHPI,SCSTHPI,SDSTHPI,TNSTHPI,TXSTHPI,UTSTHPI,VASTHPI,VTSTHPI,WASTHPI,WISTHPI,WVSTHPI,WYSTHPI
1975-01-01,75.22,66.55,60.51,41.69,54.41,62.21,47.85,77.03,65.93,73.91,65.73,59.33,70.06,66.59,66.22,61.99,64.14,51.68,67.88,61.89,60.82,60.20,56.02,65.42,75.10,57.05,66.02,67.55,63.60,71.67,64.32,56.80,53.16,78.48,65.05,52.01,51.20,70.67,61.34,75.28,74.98,68.01,55.82,55.15,69.75,77.37,46.26,61.77,50.45,49.59
1975-04-01,72.22,60.23,59.82,42.75,54.85,62.72,47.60,89.61,83.46,71.86,53.51,63.40,65.09,62.20,60.86,62.31,65.68,55.08,66.21,62.36,88.28,62.61,56.02,73.72,72.08,57.01,67.11,59.66,62.73,62.33,59.29,58.17,21.68,75.81,64.81,53.28,51.12,69.54,65.97,69.71,70.42,68.82,58.59,58.7,66.78,76.93,47.25,62.79,65.55,47.87
1975-07-01,74.62,64.93,59.36,44.32,54.81,61.80,47.32,115.70,66.80,74.26,57.08,63.37,56.77,64.06,62.11,63.29,66.85,52.82,67.15,65.13,68.41,63.29,58.22,65.59,72.43,59.31,69.07,65.90,61.40,61.61,60.10,59.21,54.23,77.74,64.45,52.82,54.17,74.10,64.79,72.20,65,67.75,56.15,55.17,67.53,67.12,49.72,64.48,66.4,50.11
1975-10-01,71.70,62.81,56.24,45.76,55.00,61.81,54.69,71.67,68.20,73.80,55.04,65.17,61.98,66.65,63.39,64.58,68.43,55.60,70.56,67.05,71.15,62.34,60.09,65.18,73.10,58.21,70.58,62.91,67.86,54.46,62.81,55.75,50.63,79.63,65.97,54.54,53.27,71.79,67.26,69.95,63.85,70.93,59.32,59.91,67.77,72.88,48.06,69.05,66.92,53.53
1976-01-01,77.10,66.91,58.93,47.80,55.10,64.74,53.10,79.54,67.97,71.44,53.46,67.54,56.40,67.79,62.52,66.56,69.67,58.72,67.40,67.35,55.77,62.86,63.04,67.24,73.29,59.54,68.63,74.71,67.35,74.66,62.79,59.76,59.84,73.07,66.57,54.61,57.28,72.65,66.07,71.07,62.85,70.3,58.46,61.8,69.37,117.03,50.36,65.49,61.75,54.31
1976-04-01,74.22,68.58,63.07,50.27,59.93,64.11,53.01,84.42,76.03,73.04,56.50,70.15,73.46,70.31,65.86,67.30,68.63,58.77,69.01,69.87,70.02,64.13,62.53,77.58,74.60,65.13,69.95,72.46,67.67,62.70,63.85,61.42,56.78,74.86,68.69,60.99,56.90,76.62,68.74,77.08,67.62,68.64,63.56,61.67,68.57,57.52,53.62,65.42,68.72,55.29
1976-07-01,76.97,71.03,61.01,53.58,59.59,67.19,59.16,80.40,69.04,79.03,54.55,73.96,64.25,73.43,65.86,68.53,69.02,58.14,68.65,70.66,83.57,64.38,63.15,69.43,71.85,64.38,70.69,71.08,68.12,64.99,65.88,63.86,61.02,75.66,71.08,59.32,60.07,77.30,69.94,76.80,68.8,71.49,63.3,64.88,70.62,81.22,56.63,67.56,69.98,58.39
1976-10-01,79.70,72.13,61.72,55.58,62.11,67.90,57.65,86.84,70.26,78.36,56.28,70.92,58.96,73.18,68.79,70.44,69.29,61.65,70.16,71.76,70.62,65.72,64.62,69.25,83.14,65.34,70.77,72.49,70.30,69.65,62.21,65.55,61.94,73.94,72.41,62.31,63.57,75.04,69.69,75.58,66.6,71.57,63.04,64.38,71.98,79.59,57.78,68.46,63.37,63.08
1977-01-01,81.22,72.76,63.51,58.01,64.98,63.99,59.70,89.84,70.98,76.82,55.85,76.11,73.02,80.29,71.54,72.66,69.92,62.84,72.46,72.20,74.59,67.37,66.82,71.45,75.36,66.05,75.07,81.73,72.22,71.81,65.12,70.25,63.51,77.72,73.17,64.22,67.17,74.61,69.28,75.89,62.71,74.78,65.93,69.84,73.01,115.09,59.75,72.88,69.28,63.26
1977-04-01,83.70,74.80,63.85,63.00,65.50,68.53,63.99,77.81,78.97,76.25,58.72,78.09,82.98,83.78,71.32,75.84,73.44,65.12,70.14,73.54,80.80,68.15,69.01,81.44,77.34,71.50,74.13,84.94,74.11,65.88,65.35,69.94,54.51,83.00,75.29,63.76,68.99,80.24,72.09,79.03,70.53,77.66,71.54,70.98,75.09,82.28,62.94,76.12,85.56,64.65
1977-07-01,88.35,78.09,66.13,67.95,69.01,71.47,66.90,82.43,72.58,78.71,60.64,79.73,76.89,83.23,74.19,77.36,76.49,62.66,73.75,76.77,81.55,71.30,73.13,77.56,78.18,76.78,76.73,79.47,78.38,68.90,67.42,73.03,71.18,82.56,78.90,68.11,74.12,80.84,75.29,81.32,79.44,78.16,69.38,74.7,77.27,76.28,67.3,78.05,73.81,67.05
1977-10-01,89.16,80.87,69.99,70.68,72.97,72.25,72.30,82.69,74.76,78.62,62.52,83.02,82.96,88.77,78.22,79.68,78.55,68.42,73.32,77.12,86.59,72.68,75.03,80.33,85.97,79.59,81.29,77.70,80.03,75.70,69.48,76.26,55.66,84.72,81.19,69.84,78.13,83.46,77.20,82.88,81.48,79.59,73.47,75.08,78.92,77.12,70.82,80.96,85.94,71.12
1978-01-01,88.61,80.75,71.32,73.21,76.05,73.68,69.34,85.17,78.33,84.16,65.55,85.41,92.34,90.93,82.43,82.37,81.55,73.03,78.16,81.93,82.57,75.67,76.55,82.60,86.28,90.50,82.99,87.69,78.77,75.45,71.16,76.83,72.27,83.38,83.25,71.85,79.88,83.96,80.19,82.30,77.07,84.58,76.62,81.55,80.39,90.78,74.35,84.68,85.05,72.94
1978-04-01,88.49,83.44,74.00,75.97,80.05,79.45,77.93,89.18,83.33,81.70,65.06,89.64,89.33,98.15,84.80,84.92,83.92,73.48,79.88,83.35,91.63,79.57,82.19,92.77,87.98,89.51,83.07,83.36,85.77,75.96,73.21,78.10,79.81,87.56,86.46,78.03,84.64,87.49,82.03,86.81,84.05,83.46,78.9,84.06,83.36,92.01,79.72,87.52,80.72,76.52
1978-07-01,96.67,86.07,78.88,78.62,84.06,86.94,81.81,85.33,83.00,85.34,66.53,90.83,92.24,99.48,87.25,88.37,88.52,77.66,84.67,85.83,90.31,83.02,85.68,90.13,92.70,89.96,86.76,89.15,86.49,83.35,76.36,81.35,84.00,84.06,89.11,81.69,88.18,86.42,84.91,88.15,85.77,86.94,81.27,87.14,86.07,99.56,84.04,90.85,82.99,78.71
1978-10-01,96.29,86.13,82.93,81.80,87.43,88.08,80.85,83.58,84.62,86.35,74.79,95.01,89.26,102.08,89.81,90.28,91.78,81.74,86.96,88.33,94.35,86.79,87.67,90.96,90.33,92.30,87.28,85.39,87.30,85.25,79.63,83.72,91.00,84.02,91.43,84.79,91.96,87.72,87.08,89.65,85.55,90.73,85.5,90.23,89.29,88.55,86.88,92.76,85.77,82.17
1979-01-01,99.45,91.58,87.05,84.87,91.78,95.30,89.54,86.49,89.69,87.97,73.69,95.90,99.09,97.52,93.33,92.12,95.53,87.88,91.01,91.06,104.90,91.34,91.48,96.04,98.30,94.57,90.07,99.55,92.87,89.67,85.07,89.07,91.87,96.71,95.65,88.59,95.77,92.43,90.22,93.82,89.36,90.68,89.49,94.81,89.44,94.51,88.96,96.75,82.98,87.35
1979-04-01,100.22,94.56,92.48,88.64,94.49,97.38,88.72,86.87,92.40,91.15,81.59,99.08,96.18,102.53,96.70,94.15,97.69,91.96,93.93,94.84,103.06,96.15,94.62,102.63,101.56,100.47,91.69,98.74,94.17,93.27,87.02,91.90,97.43,95.94,98.58,90.89,96.08,97.00,92.52,95.75,90.69,91.75,92.77,97.64,91.62,88.3,93.9,99.75,89.05,92.17
1979-07-01,101.77,99.14,95.25,93.09,97.46,100.39,92.40,95.02,93.73,92.20,89.04,102.37,99.19,101.21,98.08,97.41,96.85,95.70,97.15,96.89,98.21,99.11,97.53,98.52,106.37,96.79,96.17,97.31,97.17,96.01,91.60,93.71,99.72,94.77,99.20,94.22,98.21,96.32,92.98,97.64,99.13,96.6,95.18,97.86,94.67,95.54,95.91,99.54,89.4,97.22
1979-10-01,107.83,101.41,98.71,96.39,99.30,101.70,98.80,96.23,97.94,95.63,92.23,101.04,101.32,99.49,98.08,97.90,99.33,97.42,98.04,98.27,105.47,99.56,99.29,100.49,93.12,103.83,96.24,99.50,98.29,96.43,94.18,95.16,110.00,98.23,100.77,95.99,100.12,98.80,100.30,100.27,91.01,96.43,96.98,99.64,95.42,108.97,98,100.25,95.49,96.51
1980-01-01,100.00,100.00,100.00,100.00,100.00,100.00,100.00,100.00,100.00,100.00,100.00,100.00,100.00,100.00,100.00,100.00,100.00,100.00,100.00,100.00,100.00,100.00,100.00,100.00,100.00,100.00,100.00,100.00,100.00,100.00,100.00,100.00,100.00,100.00,100.00,100.00,100.00,100.00,100.00,100.00,100,100,100,100,100,100,100,100,100,100
1980-04-01,103.00,100.79,98.34,102.84,102.26,101.51,96.30,106.70,99.70,100.47,101.04,100.61,101.79,100.93,99.70,101.46,101.07,99.29,103.97,103.19,104.49,101.94,102.71,111.14,96.70,95.07,98.85,106.12,103.48,98.14,101.55,98.08,103.02,107.24,99.76,99.26,98.79,96.14,102.58,103.85,107.05,100.18,104.44,97.76,101.13,101.05,100.2,100.93,104.11,97.62
1980-07-01,109.89,106.50,106.79,106.53,107.12,103.67,99.25,109.69,105.82,102.04,100.62,101.35,106.24,102.41,102.32,102.27,101.19,100.96,108.41,104.98,109.41,102.89,106.87,105.03,104.02,107.89,101.23,99.29,101.73,102.24,100.79,99.12,107.10,115.00,102.11,104.03,105.40,101.48,101.78,109.14,98.18,99.42,103.93,104.07,104.35,103.79,103.53,104.98,103.4,101.27
1980-10-01,108.89,108.66,107.50,108.37,106.83,104.72,101.86,106.47,108.70,102.86,106.90,97.24,102.69,95.58,101.65,104.07,104.52,102.61,108.69,107.55,105.77,101.74,104.88,105.57,104.39,102.08,102.48,95.43,105.88,98.63,103.72,104.99,91.91,111.35,103.52,102.21,101.88,101.55,97.81,106.14,94.25,100.03,105.68,104.53,104.28,110.32,101.82,101.72,117.84,94.88
1981-01-01,105.44,109.56,108.60,110.39,106.50,103.84,91.92,109.17,110.05,107.18,101.53,94.69,110.16,101.78,104.06,98.20,107.37,106.55,112.64,110.72,119.28,103.26,101.16,103.29,94.57,95.42,106.14,104.99,102.25,98.01,104.26,101.05,109.13,112.17,103.33,103.14,97.58,101.73,94.59,113.46,92.35,96.37,104.47,106.26,106.12,110.46,99.88,102.84,99.51,106.77
1981-04-01,109.02,106.25,111.77,112.92,108.53,109.60,106.26,104.09,112.17,107.89,97.45,93.08,101.72,106.61,103.07,103.10,105.64,108.36,118.70,112.98,113.76,103.49,100.24,104.01,115.08,101.89,106.07,97.99,102.70,100.66,105.86,111.54,114.75,108.39,103.66,106.65,99.10,103.90,105.82,115.78,98.49,106.35,111.12,109.86,105.56,108.33,104.12,103.07,95.49,109.46
1981-07-01,112.34,108.92,116.27,116.31,114.49,114.17,95.87,115.96,108.08,108.62,86.25,87.86,103.09,103.01,105.04,103.34,103.27,111.15,121.50,111.37,108.78,106.26,103.70,103.05,107.34,113.94,106.05,116.29,100.49,99.56,107.56,113.68,102.59,115.75,103.31,111.97,96.36,104.39,103.31,117.81,103.97,108.76,114.45,108.67,106.23,101.27,105.26,103.25,110.08,109.61
1981-10-01,106.67,102.72,109.59,117.59,110.37,111.33,103.50,107.28,104.69,112.89,48.96,102.33,118.21,104.45,107.30,104.97,103.57,112.96,121.41,114.44,117.50,105.40,106.80,102.27,93.09,100.02,104.53,109.84,100.21,106.60,105.86,117.59,119.26,114.41,100.33,113.55,88.79,101.43,101.25,115.78,86.81,97.36,112.19,110.5,109.78,62.93,103.66,91.09,108.83,109.38
1982-01-01,109.13,102.53,105.15,104.14,119.61,111.67,77.05,102.22,112.74,113.56,111.96,95.42,94.16,94.91,104.81,103.66,106.58,110.05,123.54,106.88,105.23,104.66,89.49,103.19,102.91,105.02,106.66,99.12,106.28,106.35,105.37,105.62,121.34,123.39,89.09,116.74,96.76,103.66,105.31,119.40,68.77,105.85,122.48,106.59,97.77,122.31,86.56,86.3,68.87,110.43
1982-04-01,107.02,105.87,108.92,107.35,120.72,112.08,104.74,113.05,114.58,115.54,103.41,96.50,109.57,94.67,103.97,104.11,106.44,114.44,124.53,108.40,114.30,99.65,91.82,101.73,104.50,113.49,109.63,83.37,107.21,105.51,108.91,116.51,121.70,125.20,96.66,119.24,92.93,103.96,102.95,118.79,110.51,98.82,119.02,108.59,109.47,116.94,93.39,96.36,114.34,107.88
1982-07-01,107.63,110.76,101.32,104.81,122.67,110.96,81.75,113.10,104.45,114.38,99.74,86.18,104.49,86.98,95.55,104.86,104.49,115.20,126.43,106.47,109.82,94.58,98.82,103.67,108.37,100.48,107.49,72.62,109.27,107.59,109.14,129.76,121.51,122.42,99.07,120.10,96.15,104.43,102.58,120.37,106.49,105.47,118.05,111.93,103.77,108.21,93.76,98.6,83.74,108.94
1982-10-01,115.50,108.33,108.52,115.83,126.40,112.84,101.75,115.85,112.61,116.44,84.64,94.29,110.85,102.46,104.22,105.08,107.01,115.01,127.92,111.02,113.14,87.72,106.08,104.04,108.20,113.02,112.12,99.09,108.81,106.90,109.62,123.42,127.01,126.47,102.98,123.21,102.45,105.23,108.19,119.83,118.54,103.6,120.93,113.79,112.82,113.98,103.52,99.46,87.05,112.52
1983-01-01,114.61,112.95,118.74,116.68,126.17,118.59,95.73,116.37,121.33,117.68,101.67,97.82,110.58,100.84,106.22,106.04,108.47,116.02,130.10,113.48,114.20,96.68,109.81,105.49,112.28,98.75,112.91,98.95,108.92,109.18,110.11,128.56,118.53,128.75,102.34,124.21,98.56,108.67,109.26,124.04,101.07,110.18,125.62,114.37,115.28,118.27,104.74,103.93,98.68,110.63
1983-04-01,114.47,116.16,118.79,117.42,125.11,120.95,97.60,118.81,123.68,118.47,105.67,98.79,106.91,104.25,106.30,108.55,109.64,116.97,135.91,115.58,119.74,97.11,111.71,108.17,112.94,104.73,111.42,106.58,109.22,112.17,113.74,121.54,119.87,132.78,105.40,126.00,100.34,110.40,111.06,121.51,121.54,110.54,125.87,115.56,118.03,112.61,104.69,106.35,92.46,105.82
1983-07-01,116.81,117.81,115.05,117.22,126.40,122.36,102.76,122.19,124.14,121.06,111.62,98.40,106.82,105.54,106.01,106.38,109.94,115.63,142.84,116.77,125.39,97.30,111.53,111.58,110.40,110.16,114.17,89.20,111.48,115.91,117.62,123.18,121.05,138.27,106.15,127.09,99.20,112.86,118.71,124.56,100.73,112.13,125.73,111.7,118.9,118.71,103.97,105.95,93.65,103.02
1983-10-01,113.77,118.03,112.69,117.73,121.94,126.10,100.66,127.61,124.47,120.79,105.57,98.28,108.67,106.70,105.53,107.45,109.09,116.38,148.18,118.12,131.12,95.15,109.32,112.56,115.39,114.32,115.57,106.95,112.03,117.83,120.82,125.31,114.17,147.21,105.65,126.58,98.52,113.72,120.44,120.81,99.59,113.61,126.31,112.72,118.65,123.45,104.9,106.07,92.42,98.75
1984-01-01,123.50,120.31,117.32,119.47,126.07,130.98,102.52,125.05,125.65,124.37,107.75,98.16,110.37,107.46,105.43,107.52,112.65,116.53,156.30,118.83,132.44,97.58,113.52,113.15,118.32,123.13,118.20,118.11,110.40,122.15,123.83,123.72,121.29,150.71,106.12,122.40,98.75,113.65,118.93,127.50,113.49,110.04,125.1,112.31,121.38,121.79,106.8,106.14,98.35,100.11
1984-04-01,120.17,118.68,121.52,120.10,125.45,134.45,104.52,128.36,126.77,126.59,112.74,100.36,109.09,110.22,108.07,107.86,110.52,117.18,164.57,122.86,138.76,97.17,113.63,115.30,114.98,120.52,122.42,112.12,112.86,127.70,130.15,120.82,119.42,156.68,107.23,122.65,97.70,116.80,120.53,126.04,109.49,116.16,126.24,114.15,123.24,123.86,107.5,107.97,93.65,95.59
1984-07-01,124.81,119.34,122.61,121.68,125.69,140.16,106.59,131.63,128.01,124.19,109.44,99.12,110.56,110.86,107.03,107.45,112.73,115.84,174.43,124.31,142.52,97.27,115.54,118.91,112.82,115.41,121.75,114.62,112.33,133.51,134.91,125.33,113.89,162.26,107.31,120.50,96.10,118.62,126.49,123.84,118.05,109.3,128.69,114.99,124.87,126.19,109.31,108.11,94.67,98.29
1984-10-01,121.23,120.77,122.30,122.76,123.37,141.64,108.79,133.61,126.35,129.27,108.47,100.65,113.50,112.42,109.21,107.31,112.59,114.53,180.57,124.77,140.20,97.48,115.73,119.02,114.25,112.16,125.05,109.24,111.48,137.51,138.18,126.72,118.33,169.21,107.51,120.04,99.47,119.51,128.18,128.17,106.63,118.86,128.09,112.2,124.42,126.95,110.02,106.35,87.47,95.67
1985-01-01,121.37,120.91,124.86,124.50,126.31,148.23,108.12,136.65,127.82,131.70,113.96,101.23,108.38,113.25,110.05,108.48,114.18,111.53,190.22,126.79,145.82,99.70,116.74,120.24,119.88,115.69,127.88,109.22,111.48,141.87,142.17,126.54,119.65,176.27,108.17,119.05,97.94,121.06,130.93,131.07,109.47,120.88,126.71,116.7,127.48,129.54,110.5,108,92.32,97.06
1985-04-01,124.58,119.63,125.31,126.30,125.46,155.31,111.37,140.60,128.14,128.70,112.28,101.21,114.03,114.62,111.61,108.95,115.28,113.11,204.65,128.68,150.50,100.80,118.23,123.46,121.95,110.32,130.29,109.72,113.02,152.18,148.46,126.08,119.22,184.60,109.39,117.28,97.88,124.19,137.28,131.28,108.88,121.72,127.79,116.05,129.59,134.29,110.92,109.81,95.81,95.08
1985-07-01,127.33,123.75,127.02,129.16,126.52,159.88,112.97,143.03,128.05,135.16,116.20,102.75,115.17,116.00,112.23,109.51,114.68,113.16,217.61,130.91,156.40,102.69,115.50,125.47,122.71,115.92,133.13,113.65,113.19,159.84,154.96,128.16,119.55,191.04,110.68,117.51,96.97,126.64,141.63,132.13,112.83,124.08,127.73,116.41,131.47,136.15,111.58,110.77,93.03,93.84
1985-10-01,128.22,124.10,128.59,130.56,124.10,168.65,114.92,145.52,129.79,137.78,117.23,101.94,112.71,117.96,113.91,110.30,116.93,110.68,231.98,131.17,164.44,103.80,119.89,126.35,122.40,118.29,134.93,108.53,114.22,170.05,161.87,128.02,120.67,198.55,111.54,114.43,97.23,128.34,150.19,132.53,112.66,125.56,126.49,115.29,132.23,139.05,112.12,110.85,88.86,94.09
1986-01-01,129.49,125.32,131.20,132.24,128.74,174.36,114.66,150.86,131.16,140.08,119.03,103.00,115.30,119.75,115.23,112.53,118.64,113.63,241.31,133.84,167.26,105.44,121.31,127.42,123.79,117.37,136.12,112.72,115.51,178.24,167.97,129.99,123.10,206.44,113.04,116.41,97.97,131.37,154.37,135.78,116.91,128.29,129.47,119.23,134.5,144.33,113.45,112.43,95.8,97.24
1986-04-01,131.86,128.40,135.14,134.79,129.46,185.18,120.29,154.30,134.63,141.94,119.36,103.55,112.90,122.39,117.28,113.00,120.66,114.33,253.32,137.66,173.25,108.79,120.45,129.36,125.75,114.23,138.76,111.81,115.62,186.64,178.06,132.65,125.45,217.22,114.56,117.45,98.72,135.06,162.01,136.78,117.99,130.27,131.56,118.93,136.95,146.56,114.19,113.72,96.94,97.6
1986-07-01,133.33,126.32,135.13,137.74,128.61,199.16,123.59,159.05,135.55,143.64,120.25,103.98,114.64,125.10,118.98,114.09,120.80,111.71,265.66,141.15,180.67,112.07,124.06,131.93,123.93,115.20,141.19,111.36,115.64,195.37,189.18,132.19,125.93,227.08,116.43,113.19,99.52,139.67,173.11,138.70,113.7,132.47,128.88,118.29,139.96,152.36,114.72,114.03,96.15,94.62
1986-10-01,135.93,127.90,132.70,141.09,127.93,212.47,128.74,164.43,135.75,146.02,123.12,103.59,115.00,128.03,120.50,114.54,123.49,110.63,278.37,144.88,188.77,114.55,123.91,134.06,124.58,115.60,142.95,109.20,117.09,206.41,199.06,132.82,125.22,237.26,117.98,111.66,97.82,144.28,189.31,140.80,116.98,134.43,126.55,118.02,142.39,158.44,115.94,114.5,98.65,90.51
1987-01-01,138.05,128.84,137.49,144.71,129.66,224.68,133.71,170.93,136.38,148.44,127.13,105.19,116.43,130.47,122.29,115.39,124.99,110.67,287.86,149.02,196.11,117.53,126.82,135.85,126.02,110.13,145.70,112.88,117.57,211.80,210.10,134.78,128.23,246.70,120.20,111.63,99.99,149.08,202.81,143.47,120.64,137.89,126.86,119.37,145.43,163.36,117.08,115.41,97.47,92.84
1987-04-01,139.10,130.39,136.41,148.26,128.14,237.08,136.58,175.05,138.56,150.13,130.15,105.17,114.09,135.17,123.74,117.24,126.30,110.26,295.11,153.38,204.04,121.47,129.05,138.85,125.96,112.72,147.24,110.34,116.95,220.77,221.27,133.41,127.67,255.34,122.64,108.35,100.38,155.09,214.53,144.88,118.36,140.36,123.05,117.96,149.46,168.79,118.07,116.71,99.39,87.51
1987-07-01,139.67,127.37,135.45,152.93,125.43,249.87,141.14,182.14,138.77,151.79,132.23,105.21,110.60,138.36,125.23,116.88,129.13,104.85,303.82,160.26,214.18,124.07,130.42,140.35,124.24,110.75,149.70,110.44,115.51,222.96,229.93,131.93,127.45,267.01,125.07,102.98,99.45,162.70,230.39,144.97,117.8,140.67,118.3,113.71,156.73,173.63,118.92,118.25,96.07,82.7
1987-10-01,138.32,123.90,133.32,157.23,124.38,257.22,147.33,186.97,139.78,152.52,135.18,101.79,110.59,140.25,125.69,116.20,129.43,104.73,306.28,162.62,221.96,126.11,129.51,140.86,123.40,105.06,150.73,110.07,116.12,227.46,235.24,130.66,126.44,270.94,126.32,100.49,98.76,168.30,240.24,145.69,119.1,142.55,114.69,112.75,160.24,181.54,119.66,119.52,97.47,78.8
1988-01-01,141.98,126.21,134.69,163.02,125.40,263.07,155.55,189.73,141.23,154.68,143.72,104.23,113.19,143.28,128.43,116.60,131.69,101.92,309.80,168.06,227.76,127.91,131.76,140.78,122.14,109.63,151.82,107.29,117.12,226.61,240.37,130.56,127.64,277.27,128.51,98.31,100.81,171.63,248.27,148.20,115.05,143.75,114.72,112.88,164.86,186.68,121.97,120.32,96.99,81.05
1988-04-01,143.09,127.22,135.89,169.72,125.03,267.27,162.92,195.31,144.19,156.55,150.63,105.85,114.21,147.83,130.16,117.74,132.82,102.35,315.00,173.99,229.77,131.14,133.64,142.87,123.99,110.43,154.22,109.01,117.83,229.39,246.40,130.01,128.50,280.79,131.17,99.35,101.46,178.88,251.66,150.19,115.6,144.49,116.64,114.44,170.46,194.82,123.78,122.32,100.26,76.24
1988-07-01,142.69,126.50,133.89,177.77,123.77,265.51,166.16,200.95,145.29,156.85,154.54,108.06,112.04,151.18,130.76,116.76,135.01,101.07,313.80,179.62,236.45,133.31,133.57,143.74,121.92,113.65,155.77,109.60,118.59,229.33,247.15,131.15,130.29,282.84,132.37,97.47,105.08,183.62,254.23,151.24,118.49,144.49,114.01,112.17,174.52,201.16,126.33,124.5,99.5,80.95
1988-10-01,141.27,125.93,134.11,187.49,123.42,266.04,171.17,205.97,146.50,156.73,165.63,107.52,111.88,152.47,132.09,118.38,136.32,99.70,316.16,183.81,237.59,134.46,134.39,143.59,123.89,113.15,156.38,104.91,118.30,228.93,246.30,129.71,131.91,283.68,133.59,97.86,105.65,185.32,256.16,151.97,116.54,144.09,113.14,112.49,178.06,203.14,127.86,125.15,98.64,81.09
1989-01-01,141.49,126.88,132.92,196.27,123.43,261.38,180.76,209.32,147.66,157.80,178.09,109.54,115.20,155.50,133.17,117.41,137.92,100.48,313.44,188.44,238.91,136.51,134.82,143.58,119.47,111.10,156.88,108.61,119.54,229.57,245.86,130.22,132.14,283.47,135.22,98.46,107.96,187.59,258.30,154.38,120.66,145.1,113.37,113.4,181.35,206.69,132.23,127.44,99.29,76.8
1989-04-01,143.36,126.58,132.37,205.94,124.38,261.22,182.53,216.01,148.61,158.27,182.61,110.73,116.09,158.48,135.04,119.47,138.84,100.50,311.37,193.19,241.96,139.36,136.66,145.24,123.51,112.08,157.72,107.96,120.71,226.18,245.31,130.94,134.51,282.97,136.55,99.90,110.47,188.92,259.48,154.52,117.03,146.06,114.36,113.27,185.24,211.95,137.88,128.87,101.83,83.56
1989-07-01,145.52,127.77,134.41,217.84,126.84,262.08,184.53,221.14,151.09,160.32,194.90,112.81,117.67,162.02,137.42,119.10,141.75,102.30,316.10,196.72,244.34,142.66,138.68,146.09,125.79,114.62,160.47,110.54,121.93,230.18,246.58,132.99,137.98,285.99,139.48,101.51,113.79,193.10,265.31,158.01,121.78,146.67,116.62,115.63,187.86,216.29,144.42,131.05,101.73,83.22
1989-10-01,146.58,126.84,133.71,224.68,126.31,261.03,188.06,222.49,152.23,161.45,201.77,113.74,118.57,163.94,137.91,119.68,142.42,102.18,316.83,199.95,246.64,143.22,139.40,146.74,124.63,116.20,160.99,111.28,122.78,230.35,247.33,135.01,139.93,286.64,140.49,100.66,116.63,195.45,266.50,158.36,119.21,146.78,116.34,115.57,189.22,217.53,153.15,131.83,101.71,83.26
1990-01-01,145.48,127.51,133.44,227.46,126.97,257.17,193.54,225.86,152.97,160.93,216.64,115.33,120.56,165.82,138.76,119.56,142.97,101.58,312.79,202.34,243.45,145.36,139.47,146.84,126.24,114.64,161.27,110.81,123.74,225.76,244.22,131.91,142.64,286.61,142.04,100.55,120.75,195.76,263.51,159.88,119.68,147.25,116.08,116.57,189.18,215.4,164.25,133.89,102.7,87.74
1990-04-01,146.67,127.72,132.67,228.18,128.00,249.33,193.45,225.10,152.44,159.49,230.11,116.77,125.18,167.66,140.16,119.03,144.20,102.48,303.75,202.98,238.94,147.66,139.47,146.66,124.43,116.56,161.69,110.50,125.75,216.27,239.01,133.18,144.91,283.37,143.33,101.57,126.98,196.05,259.08,161.38,125.41,147.03,116.95,118.16,189.47,216.85,173.55,136.02,102.28,85.35
1990-07-01,147.27,128.47,133.84,230.12,128.99,246.76,188.88,223.46,153.36,160.54,240.84,118.33,127.99,169.63,141.45,119.23,145.23,103.02,298.65,203.99,234.73,148.58,140.26,146.88,125.72,121.38,163.18,112.12,126.90,211.32,235.73,134.43,148.68,281.76,145.33,101.46,131.71,196.59,259.53,162.74,126,146.84,117.81,119.02,188.87,214.82,176.41,137.87,105.46,90.97
1990-10-01,147.43,127.91,132.52,228.58,129.30,240.07,189.35,223.35,152.80,159.41,250.11,119.31,126.91,170.10,141.94,118.81,144.92,103.52,291.50,202.80,236.98,148.95,140.20,145.66,124.51,121.79,163.05,110.84,127.07,204.16,231.84,134.92,150.24,278.81,145.68,101.16,134.07,195.85,254.07,161.66,125.37,146.36,116.91,118.97,186.74,216.22,177.66,138.15,104.07,89.32
1991-01-01,148.71,129.28,134.51,228.51,130.75,239.64,191.47,226.74,154.53,161.17,255.82,120.88,130.42,172.15,144.11,119.28,147.28,102.96,288.51,204.22,230.55,150.72,142.21,147.32,127.17,119.89,164.04,112.84,128.24,201.40,230.75,135.98,153.60,278.39,147.34,102.89,136.36,197.44,254.69,163.51,127.95,147.64,118.34,122.66,187.86,213.29,181.93,140.09,104.5,89.86
1991-04-01,150.90,129.90,135.51,227.09,132.40,236.26,192.90,227.53,154.99,161.70,258.40,122.23,130.88,173.96,145.32,120.14,148.51,105.29,285.58,206.34,233.71,152.76,143.32,148.11,125.97,123.87,165.23,113.98,129.64,198.34,229.09,137.41,154.53,280.20,149.37,104.16,139.51,199.01,249.32,165.12,131.46,148.34,119.55,124.93,188.45,213.62,183.56,142.1,107.82,93.21
1991-07-01,151.76,131.10,134.97,227.09,133.57,233.55,190.90,227.56,154.74,161.28,258.39,123.31,133.65,175.18,146.41,120.34,149.28,106.27,282.30,205.76,229.91,153.96,143.70,148.51,126.32,125.88,165.60,114.29,130.80,194.12,227.76,138.17,155.31,279.33,150.40,104.43,141.93,199.14,246.45,166.13,130.17,148.7,119.69,125.02,186.99,213.05,184.31,144.25,106.7,94.64
1991-10-01,154.21,133.36,138.90,228.76,135.84,235.84,194.58,230.69,157.43,163.04,262.23,125.19,136.79,177.58,148.54,121.83,151.19,108.00,284.97,209.78,232.41,155.85,146.21,150.14,129.61,130.50,167.92,115.34,131.56,194.47,230.40,140.27,159.00,281.60,152.63,106.31,144.88,202.73,249.38,168.77,132.82,151.1,121.08,127.82,190.31,213.73,188.17,145.65,109.54,95.45
1992-01-01,155.47,134.43,139.59,227.55,137.75,236.85,197.34,230.69,159.29,164.09,261.58,125.56,138.29,178.77,149.84,122.54,152.22,109.28,284.08,210.55,233.80,157.11,146.93,150.95,131.34,132.43,169.00,117.65,133.30,194.58,232.26,143.82,160.20,286.88,154.30,107.04,147.93,203.80,248.13,169.65,136.41,152.4,123.06,129.74,191.43,213.83,189.06,147.34,109.93,96.59
1992-04-01,155.63,133.79,139.32,225.20,140.83,232.18,197.29,229.12,157.87,164.38,261.09,127.62,139.70,180.35,151.17,123.08,153.47,110.36,280.60,209.18,228.99,158.14,147.76,151.31,131.51,134.61,169.33,117.87,135.12,190.30,230.34,144.65,159.72,282.92,155.35,106.98,149.76,203.44,244.70,169.87,136.52,151.97,122.62,131.77,189.7,214.57,190.81,149.96,111.79,98.04
1992-07-01,158.59,136.13,140.24,224.76,143.91,233.02,196.83,230.29,160.53,167.64,262.79,129.28,142.97,182.08,153.49,124.53,155.52,111.80,282.15,211.15,230.00,159.32,149.46,152.40,132.43,138.38,171.41,119.18,137.19,189.36,232.17,145.48,162.58,286.04,157.47,108.57,153.41,205.37,244.86,172.44,140.45,155.33,124.69,133.98,192.09,216.42,193.37,151.8,113.15,99.8
1992-10-01,159.94,136.77,141.09,222.66,146.61,232.82,195.42,232.31,160.60,167.93,263.65,130.41,146.83,183.71,154.30,124.87,156.81,112.92,282.82,211.84,231.53,160.54,150.43,153.34,132.90,142.80,172.19,120.26,138.19,189.57,233.56,147.80,163.55,288.09,159.01,109.06,156.31,206.69,245.80,173.04,142.06,155.15,125.21,137.5,192.75,216.77,195.38,153.77,114.38,102.11
1993-01-01,161.01,137.97,141.22,219.22,149.31,229.21,194.31,230.97,160.85,168.30,263.05,131.59,148.07,184.84,155.35,125.67,157.67,113.73,280.90,211.28,228.29,161.16,151.74,153.48,133.43,145.36,172.63,120.99,139.43,187.81,233.42,149.79,163.50,282.74,159.76,109.45,158.44,206.35,244.48,173.30,143.64,155.78,125.59,140.47,192.2,215.91,196.23,154.98,115.33,102.58
1993-04-01,162.75,140.23,142.93,217.33,152.95,229.83,194.94,231.96,162.56,170.18,264.29,133.49,152.85,186.54,156.91,126.60,159.52,115.76,282.65,211.95,231.21,162.40,153.20,154.43,135.58,149.45,174.12,123.83,141.15,190.03,235.04,153.32,164.91,289.43,161.60,111.44,161.62,207.81,244.68,174.96,147.3,157.98,126.72,144.9,193.3,217.18,198.37,157.19,116.72,105.62
1993-07-01,165.66,142.80,144.07,215.49,157.28,229.80,195.68,231.48,163.88,171.35,263.36,136.19,157.02,188.47,158.81,128.37,160.72,117.81,283.64,212.63,229.50,163.83,155.14,155.53,137.34,151.98,175.96,126.15,143.36,190.31,235.61,156.30,166.11,288.51,163.53,112.98,165.38,208.54,243.99,177.09,150.01,160.06,128.18,150.12,193.69,217.63,201.06,159.42,119.35,108.43
1993-10-01,167.11,144.53,145.97,214.21,161.18,230.41,196.22,232.16,165.47,172.61,264.65,137.75,159.94,190.14,160.31,129.58,162.64,119.40,285.37,213.48,231.65,165.22,156.79,156.85,138.31,157.14,177.39,126.92,145.58,190.91,237.08,159.13,167.01,289.66,165.52,114.64,168.85,210.41,246.30,177.87,152.19,161.68,129.42,155.7,194.74,218.74,203.34,161.49,119.65,110.99
1994-01-01,168.20,147.32,147.96,212.10,165.89,228.44,197.53,231.17,165.27,173.16,265.46,140.35,160.95,192.76,162.03,131.72,165.34,121.51,285.56,213.88,231.50,167.08,157.74,158.53,140.57,159.48,179.01,128.52,147.49,191.39,237.72,163.90,167.27,286.30,167.39,115.16,173.14,210.34,244.92,178.81,155.91,163.42,130.03,161.97,194.97,219.39,205.87,165.73,122.22,113.54
1994-04-01,170.25,148.54,150.08,206.94,173.53,223.29,190.18,228.60,164.14,174.25,262.54,143.91,166.78,195.49,164.44,135.70,169.64,124.25,282.67,211.78,225.60,169.88,160.54,161.46,142.63,166.24,181.82,132.19,152.27,188.14,235.60,169.22,168.07,282.45,170.18,117.26,179.20,209.15,238.70,180.05,158.22,165.62,130.22,170.96,194.78,217.09,209.72,171.82,123.64,116.44
1994-07-01,170.95,150.37,152.02,203.90,177.85,220.35,190.38,226.20,164.40,174.86,263.94,146.65,168.74,197.18,166.35,137.31,171.11,125.45,282.42,209.85,224.11,173.20,161.85,163.96,144.01,170.29,184.25,133.87,155.82,185.31,233.38,172.83,168.69,280.99,171.16,117.43,183.61,207.48,234.23,180.82,159.57,168.17,130.34,176.68,194.42,217.47,211.05,175.56,125.3,120.01
1994-10-01,171.04,151.44,153.66,201.00,179.32,217.58,182.48,225.39,164.38,175.56,257.09,146.72,169.62,197.52,166.56,138.46,172.97,125.37,279.98,208.03,220.42,175.36,162.35,164.28,146.39,171.48,186.47,134.14,155.76,184.69,230.64,175.28,168.41,275.75,172.65,117.58,186.73,205.88,231.53,181.36,162.62,169.4,129.68,179.83,194.17,217.4,210.48,175.83,125.13,121.63
1995-01-01,172.64,152.23,155.61,199.67,182.61,216.39,185.40,226.01,164.95,176.49,256.11,148.40,170.69,199.49,168.63,139.79,174.91,126.82,281.74,208.12,222.57,178.51,163.96,166.41,146.47,173.15,187.97,136.64,157.79,185.51,230.48,176.68,169.70,274.42,173.61,118.22,190.89,205.27,233.46,182.97,160.58,171.84,129.62,184.49,193.61,215.06,212.59,178.01,126.53,123.44
1995-04-01,176.09,156.40,158.46,201.57,186.25,219.18,184.81,226.88,167.19,179.85,259.43,151.64,174.80,202.37,171.59,142.59,177.80,129.44,287.00,210.84,225.89,181.99,167.03,168.27,149.51,177.10,190.64,137.88,160.73,187.99,233.06,181.08,173.46,279.19,176.91,120.39,195.55,208.69,235.98,185.25,166.09,175.15,131.84,189.63,196.08,220.29,214.94,181.93,128.99,126.1
1995-07-01,178.87,158.32,161.51,203.91,189.94,224.48,189.91,230.62,170.34,182.25,259.41,153.77,177.84,204.80,174.60,143.98,180.26,131.42,291.71,213.34,230.08,185.28,170.06,170.62,151.94,180.86,193.83,139.58,163.06,191.90,236.99,184.45,176.00,283.82,180.00,122.39,200.46,212.31,240.16,187.63,167.18,177.73,133.46,196.13,198.36,220.47,218.15,184.42,131.49,127.6
1995-10-01,180.22,159.12,163.61,203.59,192.84,224.73,192.92,230.31,171.69,185.08,260.83,155.20,179.91,206.67,176.56,146.10,181.99,132.77,293.30,214.88,230.43,188.40,172.18,172.10,153.66,181.86,195.69,140.53,164.11,194.55,237.56,185.80,177.26,282.93,182.22,122.81,203.74,213.50,242.21,189.88,170.31,180.31,134.29,200.2,199.15,221.94,219.9,186.68,131.71,130.44
1996-01-01,183.40,161.45,166.15,203.57,195.21,227.67,195.54,233.46,173.52,187.23,255.44,157.35,182.23,208.86,178.76,146.57,184.19,134.70,296.92,217.47,235.70,191.09,174.54,173.64,154.56,184.52,198.06,143.87,166.06,195.40,240.68,187.09,179.22,287.70,184.84,124.45,207.72,216.21,244.85,192.62,172.94,183.16,135.65,204.79,201.27,225.63,221.88,188.18,133.72,131.95
1996-04-01,183.39,161.73,166.50,200.96,197.72,224.79,191.66,230.77,172.47,188.16,249.89,158.63,180.59,209.59,180.48,149.31,185.90,136.36,297.37,215.07,232.87,196.39,175.74,176.01,155.32,186.54,199.78,142.57,169.55,194.64,238.81,186.77,178.53,286.00,186.57,125.23,210.81,213.69,239.88,193.43,172.51,184.84,135.41,207.2,200.68,222.11,222.12,189.97,134.43,132.93
1996-07-01,183.77,161.54,168.06,200.59,199.92,221.54,189.41,231.81,173.03,189.81,241.39,160.08,181.27,210.52,181.85,151.00,187.74,137.19,298.68,213.28,232.23,200.89,177.44,177.28,158.27,188.78,202.20,144.87,172.03,197.17,238.32,186.29,178.34,283.93,187.90,126.12,214.20,212.89,236.31,194.93,174.88,186.97,135.72,210.74,199.87,220.84,223.31,192.18,134.81,134.14
1996-10-01,185.90,163.21,169.46,201.64,202.66,222.89,190.66,233.77,173.97,191.36,238.04,161.08,182.75,212.59,184.12,152.32,189.67,139.22,302.55,215.86,235.96,203.58,179.42,179.33,159.34,189.59,203.78,144.83,172.98,198.25,238.20,187.24,180.43,283.63,189.78,126.90,217.74,214.29,238.03,197.77,173.92,188.56,136.21,214.54,201.51,220.9,225.2,194.38,134.87,134.23
1997-01-01,188.03,164.71,171.33,202.59,204.81,224.19,190.83,233.66,175.91,193.50,235.24,162.63,184.51,213.96,185.49,152.85,192.60,140.59,305.22,216.63,234.66,207.05,181.64,180.95,159.84,190.27,206.32,145.45,174.58,199.67,240.02,188.77,181.45,283.75,192.28,127.69,221.28,215.67,239.51,199.04,176.81,191.05,136.85,218.09,202.89,225.13,226.73,196.56,135.8,135.12
1997-04-01,189.24,166.25,172.21,204.63,207.46,225.26,192.57,234.06,175.90,195.71,228.84,164.50,184.78,215.51,187.41,155.15,193.63,141.56,309.74,215.57,236.80,211.53,183.54,182.63,160.93,190.95,208.93,145.87,177.95,202.29,240.86,189.73,181.68,287.11,193.79,128.31,223.87,215.53,237.75,201.56,179.69,192.71,137.86,219.32,203.18,222.42,229.7,198.24,138.42,136.65
1997-07-01,192.17,167.13,175.23,208.67,210.78,227.82,190.53,236.08,178.18,198.98,228.96,166.93,187.70,217.70,190.13,156.98,195.86,143.53,314.24,217.42,240.21,215.20,186.94,184.88,163.39,193.42,211.76,148.31,180.16,204.83,243.61,190.68,184.33,289.59,196.49,130.02,228.49,217.67,242.97,204.84,181.47,195.15,139.14,223.63,205.39,225.22,234.45,200.93,138.76,137.88
1997-10-01,194.66,169.37,177.88,212.32,214.07,230.12,190.95,237.84,181.26,201.84,228.22,168.34,190.01,219.71,192.55,158.85,198.28,145.85,319.00,219.93,243.77,218.25,189.57,186.73,165.79,196.91,214.80,150.48,182.52,207.87,246.01,192.87,185.54,292.51,198.91,131.87,231.29,219.91,245.70,207.57,184.04,197.85,140.81,227.55,207.44,225.37,237.54,202.93,140.67,139.89
1998-01-01,197.87,171.18,180.40,216.95,217.07,235.60,198.49,241.66,184.78,205.42,229.66,170.55,192.12,221.61,194.35,160.70,200.07,147.84,323.35,222.68,247.07,220.72,192.73,188.43,167.78,198.33,217.57,152.96,184.16,210.89,250.52,193.94,188.01,299.06,201.25,133.60,234.79,223.44,249.78,210.69,186.72,201.35,143.06,230.2,209.1,228.79,242.15,204.25,143.74,141.85
1998-04-01,199.43,171.16,181.89,221.69,219.69,235.70,199.82,242.41,184.58,207.26,229.56,172.72,192.90,222.49,196.06,162.30,202.41,149.17,330.11,222.47,248.99,224.92,194.12,190.26,170.42,198.06,219.06,154.14,185.33,214.98,251.40,193.73,188.16,301.31,203.14,134.75,236.08,223.88,248.60,212.84,187.63,202.8,144.1,232.42,210.04,228.75,245.68,206.62,143.77,141.78
1998-07-01,201.59,173.93,184.36,227.54,223.70,239.18,201.24,243.64,186.95,211.06,230.37,174.59,193.94,224.63,198.27,165.08,204.90,151.66,338.38,223.78,252.03,228.65,198.13,192.47,172.00,199.84,222.31,156.15,188.12,218.87,254.04,195.34,188.99,303.65,205.62,136.11,238.49,224.73,250.96,215.96,188.96,205.3,146.43,234.66,211.64,229.33,250.26,209.03,145.75,142.63
1998-10-01,204.09,175.86,186.50,231.93,226.43,242.28,206.99,244.99,189.68,214.19,229.53,176.75,195.30,226.32,200.01,166.83,207.57,153.10,343.35,225.98,255.75,230.78,200.43,194.16,173.72,201.96,224.41,156.86,190.34,222.73,255.92,197.49,190.31,307.73,207.86,138.37,240.71,227.75,253.87,218.86,188.92,207.65,148.01,236.9,213.7,232.56,253.09,209.79,147.42,142.88
1999-01-01,204.73,176.64,188.38,235.42,230.82,245.54,209.09,248.91,190.79,217.05,228.42,178.37,197.13,228.35,201.89,168.64,209.41,154.48,350.28,228.44,258.31,234.46,203.72,196.61,176.02,201.85,226.35,157.16,191.73,225.97,259.03,197.60,190.73,310.04,210.02,138.96,241.84,229.30,255.88,221.90,191.87,209.61,149.38,238.17,216.12,235.19,255.49,213.5,148.05,143.76
1999-04-01,205.54,176.86,190.78,239.42,237.90,248.56,213.61,250.64,192.28,220.35,226.62,180.98,198.06,231.05,202.93,171.95,211.77,156.07,361.74,229.34,263.84,239.55,209.82,199.69,178.45,203.99,228.72,157.72,195.34,232.57,262.65,197.40,190.47,315.80,211.86,140.35,243.22,229.96,258.26,224.98,194.2,210.1,152.27,237.22,218.87,236.78,259.9,216.93,147.76,145.83
1999-07-01,205.92,177.49,193.40,244.92,245.74,253.33,220.09,254.72,194.55,224.26,222.93,182.09,196.40,234.44,204.07,173.82,213.62,157.20,376.72,231.36,269.53,244.35,216.44,201.99,179.14,206.45,230.03,158.17,196.16,239.90,269.14,196.96,191.81,324.74,212.51,142.38,244.01,230.93,263.78,227.21,195.13,211.41,154.78,234.5,222.6,241.82,262.87,219.85,148.37,147.32
1999-10-01,207.56,178.17,195.30,250.11,250.00,256.38,226.16,256.09,196.89,226.83,223.07,183.29,195.80,236.78,205.08,174.91,215.37,157.65,385.59,233.95,272.07,247.37,219.27,203.97,179.01,206.03,231.14,156.91,197.41,244.38,272.01,197.78,192.05,330.85,213.91,142.41,244.90,232.00,268.39,229.11,196.36,212.24,156.58,235.55,225.59,245.1,264.95,221.11,147.03,147.81
2000-01-01,208.30,179.02,199.72,260.99,259.44,261.13,236.11,260.22,200.80,229.86,229.48,185.21,198.92,241.45,206.68,178.42,218.61,160.02,401.90,238.42,277.81,253.01,225.54,207.87,180.96,208.75,233.17,158.53,198.57,253.80,279.15,198.30,193.76,335.66,216.12,143.87,247.40,234.32,276.96,231.54,197.55,214.11,158.94,236.68,229.42,250.39,269.59,227.89,148.42,149.83
2000-04-01,210.04,180.74,201.91,268.01,265.82,268.25,244.79,264.72,204.38,233.61,229.09,187.65,198.83,245.59,208.42,179.76,220.59,160.62,414.87,240.98,285.46,256.57,232.23,210.41,182.21,210.31,236.12,159.72,201.35,262.66,285.81,199.03,196.22,345.68,218.73,145.59,249.07,237.77,285.36,234.36,201.19,215.29,161.59,236.67,234.15,254.2,272.37,229.07,149.39,151.33
2000-07-01,211.69,181.81,204.61,277.00,272.77,274.03,252.42,269.81,208.69,237.43,232.11,190.15,200.48,249.64,211.26,182.34,222.50,162.53,430.06,245.40,291.95,261.11,238.02,213.83,184.98,213.55,239.13,161.44,203.23,272.35,294.23,200.34,198.03,355.80,221.41,147.95,251.43,240.24,294.35,237.17,204.7,217.43,163.99,239.14,238.31,259.59,276.03,232.44,150.67,152.9
2000-10-01,214.39,184.25,207.73,285.57,278.88,277.80,257.12,273.32,213.04,241.28,237.47,191.56,202.60,252.47,213.18,184.16,225.30,163.93,440.43,249.19,297.74,264.87,242.61,216.43,186.29,216.56,241.74,162.66,204.71,279.83,298.72,201.37,200.89,361.21,224.26,148.94,254.10,243.10,299.82,240.44,204.88,219.37,165.91,242.51,242.34,264.39,279.57,235.28,152.01,156.21
2001-01-01,220.63,188.90,212.37,296.61,286.69,284.67,267.92,279.17,219.21,248.04,245.30,195.65,207.86,255.77,217.68,187.79,229.68,168.16,452.29,254.95,306.26,269.02,249.04,220.07,191.03,220.91,247.01,166.81,207.37,286.14,305.49,206.26,205.38,369.38,228.53,152.36,261.02,249.39,305.77,246.65,209.25,224.84,170.6,247.94,248.44,268.84,286.36,238.83,156.27,157.32
2001-04-01,221.55,189.98,215.65,305.68,292.52,290.78,280.36,283.93,224.72,251.10,248.84,197.74,210.15,260.22,219.47,190.04,231.72,169.88,466.02,259.94,312.06,272.51,255.74,223.38,192.22,223.47,249.19,167.96,209.66,295.92,314.16,207.87,208.00,377.57,230.88,153.86,263.50,253.37,316.26,249.44,212.38,225.99,172.86,248.48,254.22,274.13,290.24,242.07,157.88,160.31
2001-07-01,223.15,191.95,218.76,312.11,297.92,297.92,292.00,289.58,229.88,254.31,253.07,199.05,211.20,265.05,220.98,192.15,233.65,171.46,481.58,266.83,321.38,276.13,263.48,226.65,194.08,225.57,251.17,169.36,211.44,306.28,323.25,209.09,211.87,387.94,233.06,155.49,265.87,256.76,328.45,251.29,214.16,227.41,174.13,248.71,259.9,280.68,293.19,245.3,158.73,162.75
2001-10-01,225.67,193.88,220.89,316.50,300.34,303.11,300.89,293.54,235.42,257.61,257.07,201.51,213.68,267.51,222.97,193.86,235.51,173.08,491.41,271.14,326.41,278.40,266.98,228.90,195.76,227.19,253.46,170.59,213.17,311.73,329.65,210.52,214.55,394.78,234.97,157.27,268.15,260.01,335.41,254.23,215.13,230.11,176.08,251.31,263.49,284.13,295.13,247.13,160.08,164.81
2002-01-01,226.05,194.62,223.88,324.95,303.85,309.59,310.33,298.65,240.10,259.82,261.01,203.28,214.07,272.13,224.63,196.42,237.37,174.07,505.69,277.90,333.63,281.85,272.52,232.62,196.41,232.19,255.02,172.65,214.85,320.20,339.18,211.77,217.66,404.45,236.93,158.14,271.57,264.00,348.33,255.69,218.09,231.17,176.6,250.88,268.65,289.95,298.75,251.19,161.03,167.94
2002-04-01,227.21,195.49,226.86,335.98,307.19,318.45,321.50,306.26,247.43,261.78,266.82,204.26,215.17,276.94,225.29,198.34,239.00,175.45,524.29,287.04,344.07,284.97,279.82,235.69,195.75,234.24,256.10,174.11,216.21,331.59,351.84,214.67,221.20,417.25,238.56,159.66,273.48,268.63,365.44,257.13,221.04,231.56,178.1,250.38,276.2,296.56,302.36,254.66,162.83,170.27
2002-07-01,230.59,198.67,230.73,348.62,311.56,327.13,336.47,314.09,254.42,266.06,275.08,206.85,218.43,280.51,227.73,200.31,241.52,178.51,539.66,295.98,353.82,287.59,285.88,238.62,199.39,238.73,259.65,178.03,218.29,341.89,363.54,217.87,226.02,429.89,240.92,161.84,278.17,274.17,379.38,261.17,223.71,234.95,180.86,253.52,283.27,301.72,306.05,257.33,164.24,173.36
2002-10-01,233.27,201.14,233.40,358.82,313.47,334.01,346.50,319.15,260.17,269.13,278.65,208.60,220.67,283.70,228.77,201.89,243.80,181.14,551.87,302.02,360.30,289.42,290.27,241.52,201.36,241.00,261.39,179.91,219.71,349.61,371.97,219.91,228.60,439.17,242.49,163.77,280.39,278.93,391.29,263.41,225.03,237.04,182.76,254.86,287.16,304.37,308.65,259.19,166.65,175.07
2003-01-01,235.65,202.66,236.17,367.10,314.35,338.23,354.37,323.90,265.73,271.19,286.60,209.93,222.76,286.67,230.61,203.44,245.84,183.11,562.78,307.80,367.10,291.61,294.28,243.62,202.60,243.54,263.55,181.14,220.89,355.04,378.85,222.61,232.70,448.99,244.26,164.81,283.30,282.12,402.88,264.88,227.01,238.61,183.64,255.52,291.51,307.77,311.18,261.88,167.02,177.13
2003-04-01,237.73,203.96,238.64,373.99,315.71,343.80,361.18,330.74,272.15,273.02,293.59,211.51,224.60,289.60,231.74,204.87,247.75,185.00,571.91,314.47,372.29,293.87,297.69,245.34,204.25,248.52,265.29,183.89,222.12,360.58,385.49,225.20,237.31,459.88,246.02,166.89,285.92,285.79,412.44,267.58,228.2,240.61,184.81,256.46,296.24,312.9,313.84,264.21,168.78,181.08
2003-07-01,239.33,206.41,242.32,386.67,317.14,352.02,372.59,338.32,278.68,274.68,301.97,214.12,226.42,293.69,233.36,206.37,249.83,186.70,582.64,324.04,383.10,296.48,304.64,248.38,205.27,254.07,266.63,186.43,224.52,369.94,397.21,227.81,244.13,466.96,248.03,168.03,289.97,291.72,429.67,269.17,232.34,242.19,185.43,257.19,303.34,321.08,317.74,268.19,171.17,183.57
2003-10-01,240.91,209.54,250.45,411.38,320.77,364.90,392.30,351.11,291.63,278.26,319.09,217.48,229.47,302.85,235.42,209.66,253.45,189.80,607.59,341.55,397.39,300.78,315.64,254.05,206.81,260.71,269.00,189.95,228.16,384.51,417.37,232.74,258.69,488.86,251.44,169.64,297.29,300.33,457.83,271.68,237.28,244.83,186.55,257.38,315.64,337.66,325.8,276.99,172.72,187.13
2004-01-01,243.15,212.17,254.82,424.65,323.19,371.22,407.63,362.16,300.51,282.10,334.07,219.11,232.26,306.14,236.74,211.60,256.53,191.95,617.82,351.07,406.46,302.81,319.43,257.08,208.84,265.24,272.08,192.04,229.31,390.21,425.99,235.27,272.44,499.17,252.99,171.67,301.08,305.59,468.66,274.80,237.87,246.81,187.45,259.87,323.7,342.06,330.74,279.14,175.42,190.77
2004-04-01,244.68,215.65,263.93,451.26,325.66,383.29,428.07,370.12,314.64,283.99,353.21,221.40,238.32,313.13,237.50,213.79,258.76,194.86,632.33,367.53,418.16,304.88,325.68,260.37,211.16,271.75,274.56,195.05,232.61,400.68,439.41,240.53,297.17,513.81,254.48,173.16,310.10,313.60,489.92,277.15,242.19,249.62,189.36,262.33,336.17,352.1,340.6,284.81,178.94,195.8
2004-07-01,249.20,219.18,279.33,497.12,330.20,402.68,457.69,392.39,334.35,287.85,386.89,224.47,246.47,323.41,240.17,216.03,261.80,198.16,662.78,394.50,438.11,309.06,336.61,266.37,213.92,281.21,277.44,201.09,237.25,418.29,468.94,246.57,335.18,538.85,257.39,174.52,323.82,326.49,524.36,282.43,247.08,253.15,190.86,265.65,357.55,374.55,354.84,295.31,182.35,203.1
2004-10-01,252.89,223.05,290.80,516.24,333.39,410.46,482.17,404.32,349.64,292.39,401.00,226.95,252.78,328.03,242.77,218.66,266.81,200.85,673.83,408.13,447.33,312.43,341.56,269.99,216.90,287.73,282.17,205.15,239.17,426.54,480.83,251.50,347.94,552.42,260.05,177.44,331.36,333.81,537.72,287.72,250.5,256.23,193.07,270.87,370.02,382.17,363.03,298.76,185.61,206.89
2005-01-01,256.18,226.17,308.45,538.81,336.91,420.89,504.16,415.55,368.31,296.20,420.14,229.59,259.00,334.74,244.42,220.87,268.69,203.06,688.19,426.25,460.34,315.01,348.20,274.55,218.21,294.96,286.67,206.42,240.82,437.76,495.17,256.81,361.79,567.13,262.34,178.66,341.36,340.73,548.85,292.61,253.93,259.73,194.05,275.81,384.7,393.86,374.62,304.24,189.75,211.34
2005-04-01,262.31,231.41,340.23,570.38,341.83,434.93,533.36,433.06,395.88,300.10,444.75,232.36,270.79,342.59,246.52,223.94,272.39,207.23,704.50,452.12,470.58,316.75,355.28,278.56,222.50,306.66,290.47,212.91,244.28,448.14,516.62,268.01,381.09,585.88,264.43,181.51,359.56,352.40,571.14,297.69,259.97,265.46,197.21,284.59,406.53,407.22,394.61,309.65,195.69,218
2005-07-01,267.85,236.57,369.17,598.87,347.20,447.07,565.82,452.70,423.48,305.18,472.48,236.09,286.85,349.78,250.24,226.56,276.88,211.23,715.65,475.55,482.94,319.42,361.82,283.58,227.05,315.84,297.10,217.78,247.78,459.01,536.46,278.34,394.58,605.09,267.00,184.98,379.64,363.99,583.96,305.21,264.01,270.81,200.39,295.12,426.08,422.07,412.14,315.65,202.51,225.94
2005-10-01,273.32,239.80,394.82,625.58,350.61,456.07,594.04,462.25,445.74,309.20,499.30,237.86,299.99,356.13,250.73,227.70,278.28,218.41,720.87,494.72,490.56,318.64,365.88,286.77,232.22,326.24,303.35,220.51,247.01,464.32,552.75,286.57,409.18,618.74,267.34,187.15,396.12,371.52,592.90,311.94,268.25,275.14,202.72,304.87,437.99,430.68,429.37,318.73,205.36,232.03
2006-01-01,278.79,243.32,409.58,638.57,351.66,461.99,603.31,471.61,463.16,312.36,517.46,237.83,310.56,360.82,250.79,228.80,280.92,224.98,721.41,508.38,494.90,317.34,367.73,289.52,236.02,332.87,308.32,221.41,247.05,467.92,563.40,295.19,418.34,629.74,267.36,188.48,410.42,378.18,598.36,316.30,267.98,279.67,205.14,315.26,447.85,436.52,444.72,321.17,209.49,238.67
2006-04-01,283.39,246.68,418.28,644.41,353.50,464.30,610.94,480.66,473.07,314.23,521.93,239.31,322.36,363.64,250.35,230.80,281.85,230.83,712.61,518.82,492.24,312.14,365.73,289.88,242.95,343.24,312.53,228.00,249.58,465.28,569.91,305.75,419.14,631.70,266.26,190.93,427.09,382.41,598.33,321.57,272.48,285.05,208.36,328.55,456.24,446.4,460.08,320.75,207.54,246.4
2006-07-01,287.95,249.34,421.89,646.52,355.03,464.72,616.68,485.23,476.41,316.76,531.80,240.74,331.30,366.39,251.76,232.78,283.02,235.66,707.31,525.84,495.43,309.75,366.02,292.64,247.66,351.78,317.81,230.72,250.62,463.37,573.41,313.30,420.60,631.05,265.66,192.39,438.27,386.76,596.77,326.32,277.13,288.69,211.45,343.08,459.09,448.17,473.68,322.29,210.14,254.12
2006-10-01,293.48,251.53,425.51,642.78,358.38,467.50,627.08,494.12,479.68,322.71,530.02,242.67,339.42,370.46,254.34,234.95,286.08,239.51,709.24,532.64,502.98,311.34,369.96,296.08,252.14,358.48,323.59,231.15,250.80,466.46,576.25,320.58,419.35,639.10,266.68,195.09,446.53,391.33,596.39,334.46,277.95,294,214.36,356.11,465.56,455.03,483.86,326.23,212.56,260.87
2007-01-01,295.39,253.86,423.75,634.02,359.25,470.55,632.58,494.41,476.74,325.33,536.95,243.51,344.35,372.71,255.10,236.33,288.55,242.08,703.79,534.36,506.26,308.81,371.97,297.48,255.98,365.36,328.75,236.05,251.80,465.20,577.11,325.47,416.58,642.26,266.76,197.55,451.62,394.75,596.18,336.42,281,296.79,217.15,367.01,467.59,458.45,492.56,327.58,214,266.99
2007-04-01,299.48,255.35,420.14,623.38,360.23,466.86,632.34,498.04,470.49,326.38,538.38,245.65,345.17,371.48,255.91,238.92,289.31,244.48,693.79,535.37,502.84,303.11,367.92,297.87,256.03,370.27,331.83,238.78,253.61,461.96,573.41,328.02,407.97,640.11,265.19,198.36,456.72,396.39,585.12,338.89,283.72,300.37,220.78,375.95,468.82,458.06,498.17,327,213.49,274.34
2007-07-01,300.20,255.09,410.82,600.08,357.89,463.13,633.85,493.05,453.65,324.33,535.01,245.53,345.66,368.48,254.91,238.31,288.91,245.71,680.18,527.64,499.77,293.50,360.24,296.22,256.10,373.95,333.17,240.43,252.59,454.56,566.45,328.73,394.37,630.91,262.22,201.05,454.47,394.60,574.01,338.55,285.83,300.67,221.51,380.61,462.85,458.87,499.44,325.28,213.85,277.9
2007-10-01,302.49,256.22,403.88,575.60,358.81,462.35,626.66,493.75,442.31,326.45,532.86,246.88,345.80,369.68,255.32,238.42,291.99,246.62,680.22,524.78,505.86,292.30,358.87,297.49,259.42,376.36,335.70,241.06,252.09,454.03,563.97,330.12,384.08,632.83,262.16,202.82,456.06,396.31,571.55,343.10,288.08,302.79,223.18,383.61,461.69,457.04,502.2,326.98,215.67,279.39
2008-01-01,304.42,255.97,390.55,543.31,360.71,461.89,614.19,490.41,424.56,326.78,528.16,248.28,347.18,368.09,257.30,240.04,293.31,247.21,676.75,516.75,508.13,291.49,360.41,297.84,259.75,380.23,338.57,245.31,254.05,454.30,560.21,331.10,362.96,636.14,263.37,203.89,453.40,399.11,565.40,345.41,291.25,304.06,224.44,382.64,459.3,463.45,500.85,327.76,215.84,280.88
2008-04-01,303.21,255.21,368.01,498.45,358.54,450.99,598.32,483.69,395.28,321.79,517.30,246.89,339.22,360.60,255.36,238.53,293.17,246.89,655.30,498.92,499.79,279.52,349.37,293.80,257.64,377.97,337.93,246.37,252.08,442.61,544.20,327.26,333.71,624.17,259.35,205.02,445.31,394.12,542.87,343.67,291.75,302.95,225.13,376.49,446.24,457.37,491,322.85,215.31,281.58
2008-07-01,300.93,252.16,341.12,460.62,351.50,437.09,584.37,472.56,363.19,312.97,501.83,245.01,329.79,348.45,251.44,235.64,288.69,243.82,638.96,478.69,488.26,268.18,338.89,288.98,253.04,371.98,333.92,246.45,249.83,427.32,528.67,319.36,300.29,607.96,252.91,203.34,430.80,387.35,517.92,337.43,291.31,298.41,224.36,365.11,433.95,454.26,476.39,317.11,211.85,279.72
2008-10-01,302.47,253.49,329.04,444.73,352.54,433.39,577.77,467.17,344.63,311.64,492.99,246.09,329.77,347.31,251.03,236.11,290.48,244.57,639.77,471.50,485.12,265.37,337.81,289.63,255.57,375.61,333.73,248.50,251.10,425.61,523.17,318.63,284.38,602.20,253.42,203.55,424.53,386.86,511.86,338.46,293.31,299.71,224.75,364.28,430.41,453.59,471.4,317.78,209.9,279.43
2009-01-01,304.67,255.70,328.03,440.74,359.09,436.81,580.02,469.55,350.35,318.46,489.65,248.50,330.66,345.85,254.92,238.92,293.00,247.80,640.08,466.79,489.48,270.95,343.81,291.98,256.36,377.30,337.55,250.17,253.14,427.09,521.68,321.46,282.64,609.38,258.06,206.81,422.01,390.76,514.94,342.57,296.06,302.3,227.4,361.42,432.08,454.11,467.7,319.28,213.35,279.53
2009-04-01,301.37,252.52,304.59,420.64,353.23,422.66,562.80,455.58,332.43,308.72,469.23,246.93,319.54,335.94,250.88,237.24,290.16,245.99,624.25,448.65,478.50,260.40,333.84,287.29,253.89,372.36,331.80,249.89,252.03,414.78,504.85,312.87,262.38,596.27,252.21,205.04,405.76,384.96,491.90,338.29,294.83,299.24,225.88,347.68,421.28,447.62,447.76,314.48,210.58,279.17
2009-07-01,294.24,248.46,288.91,411.35,344.86,411.97,557.81,444.79,313.35,296.14,455.83,245.51,305.78,325.38,246.49,235.45,286.74,242.62,613.62,437.54,467.69,248.61,320.40,280.56,249.00,363.53,324.09,249.64,249.54,401.61,492.12,306.61,244.16,582.12,247.17,203.81,391.73,377.71,479.44,328.23,291.49,292.32,223.68,332.97,411.89,444.89,432.9,307.48,206.56,272.54
2009-10-01,293.28,247.42,280.26,412.66,343.94,410.63,565.42,440.76,305.42,291.86,449.36,244.89,300.51,322.18,246.45,235.02,286.74,242.95,614.61,429.94,462.43,244.29,316.10,279.32,247.60,361.09,320.25,251.75,249.36,399.19,488.39,304.06,236.82,576.96,246.77,204.38,384.64,376.36,479.75,324.46,290.35,289.51,223.11,329.02,408.77,440.97,427.09,306.59,205.44,270.35
2010-01-01,289.09,244.11,272.44,409.61,340.05,405.82,558.99,437.90,299.66,286.23,448.76,242.97,290.86,316.90,243.06,233.29,284.81,240.78,610.96,426.66,459.53,239.52,311.31,277.14,244.85,354.31,314.96,251.64,247.11,395.39,485.67,303.39,227.84,573.26,244.00,202.84,377.75,373.88,472.01,320.29,288.42,286.78,221.68,324.08,403.3,440.64,419.71,302.66,205.59,265.82
2010-04-01,284.77,244.84,262.87,408.40,336.08,401.41,561.54,433.12,291.28,280.06,445.70,243.81,285.91,313.19,243.31,232.81,283.61,239.55,609.17,421.42,453.86,235.68,308.49,275.32,241.74,350.48,312.40,251.59,248.85,392.75,481.99,298.14,219.75,569.62,242.13,202.66,372.25,371.95,465.16,315.23,288.11,285.42,221.86,319.41,400.61,439.59,414.87,300.92,205.18,267.14
2010-07-01,288.63,245.65,262.58,410.65,340.30,405.89,570.22,432.89,294.73,282.91,448.43,246.13,284.92,316.43,246.48,235.40,287.59,242.51,612.73,426.79,459.07,239.77,315.44,278.23,244.60,355.14,314.45,253.78,251.12,397.14,485.27,299.79,221.38,577.70,245.43,204.68,372.40,376.39,472.47,319.80,292.75,289.55,223.25,322.14,404.69,440.41,414.77,304.07,206.43,266.88
2010-10-01,286.22,244.61,256.05,406.12,338.80,406.54,569.89,429.61,289.44,279.13,448.66,246.12,278.02,314.28,246.01,235.28,287.20,242.06,612.48,422.71,460.18,239.18,311.31,276.43,242.76,353.89,312.74,256.58,249.79,394.87,484.26,296.88,215.47,577.50,244.38,204.07,366.84,375.48,471.40,317.22,292.87,287.44,222.26,320.43,402.49,441.65,407.42,302.14,207.97,267.03
2011-01-01,278.71,240.68,241.60,391.62,330.26,396.12,562.18,419.03,275.61,268.94,439.45,243.82,262.85,303.56,240.52,231.51,283.06,238.42,603.60,409.92,452.77,229.44,298.38,269.44,237.53,343.09,305.70,258.05,247.64,385.99,472.81,289.37,203.66,568.84,236.90,199.90,351.52,369.64,459.90,308.86,291.18,280.59,218.98,306.19,393.05,438.77,393.7,295.47,203.51,263.37
2011-04-01,275.00,238.97,229.70,385.33,324.38,388.78,570.50,407.01,267.24,257.35,440.11,242.29,253.26,297.30,238.49,228.02,280.26,237.41,596.67,401.76,445.08,225.61,291.59,265.32,237.64,341.96,299.57,261.52,246.74,379.21,463.30,283.99,189.77,560.76,233.35,199.90,341.23,364.51,444.29,301.37,288.71,277.02,217.93,299.51,388.19,433.22,383.76,290.53,200.42,260.34
2011-07-01,277.15,241.17,231.61,386.93,327.69,389.93,572.56,403.08,270.03,258.87,442.94,244.61,258.38,299.46,241.31,230.63,282.50,237.63,599.85,407.86,448.76,230.22,295.34,268.99,239.89,343.22,301.01,264.49,249.20,381.34,461.85,285.02,188.66,558.21,236.27,199.41,344.31,365.05,445.29,303.84,291.62,280.18,219.78,305.01,391.49,434.37,384.91,293.21,203.77,263.8
2011-10-01,279.30,242.36,236.79,385.76,330.63,393.00,579.11,408.13,272.46,258.24,442.92,245.69,262.88,299.38,242.62,232.55,283.56,240.63,600.60,409.76,451.66,232.00,298.29,270.30,241.27,345.00,302.19,266.94,250.83,383.10,461.98,286.22,188.92,562.55,236.96,202.32,347.72,366.45,448.27,307.04,293.34,280.94,219.96,306.42,394.25,439.91,385.26,294.27,204.75,263.85
2012-01-01,276.36,241.75,235.77,381.46,328.87,386.43,583.03,405.00,267.07,251.63,444.48,245.65,260.76,295.56,240.40,230.83,283.25,239.43,596.79,403.86,446.56,227.49,292.81,267.94,238.65,346.78,297.91,268.98,250.49,377.60,455.65,281.22,187.38,558.28,234.14,202.44,341.63,363.43,441.36,301.91,293.24,278.52,219.86,305.75,389.9,438.31,379.04,291.52,203.17,264.43
2012-04-01,274.47,239.36,238.63,382.09,329.68,382.44,586.75,396.52,265.09,247.17,441.30,245.55,257.64,291.77,239.96,229.72,282.27,239.98,595.06,399.96,441.89,226.37,290.85,265.40,237.36,346.21,294.34,276.42,250.85,374.51,449.55,279.30,186.35,552.54,232.98,202.16,338.08,361.72,433.40,300.44,294.92,277.31,221.35,304.11,387.36,436.23,375.79,289.12,203.6,264.96
2012-07-01,276.38,242.69,248.36,391.02,335.12,383.49,596.62,399.47,271.49,250.30,449.55,247.52,263.41,295.15,242.09,231.99,284.48,243.53,599.09,405.39,443.13,230.90,295.53,268.29,239.68,349.44,297.37,281.03,252.02,376.50,452.08,281.52,191.18,554.39,235.18,203.81,345.45,363.67,435.10,302.80,296.43,280.4,223.32,310.55,392.17,437.59,382.65,291.86,204.83,267.09
2012-10-01,276.89,244.22,255.84,399.33,338.15,384.79,607.93,402.12,275.23,253.31,454.00,248.54,267.14,295.20,242.73,232.23,285.62,243.50,601.98,406.87,443.93,234.09,298.77,268.62,238.17,354.12,298.64,288.45,253.32,377.79,453.09,281.77,196.30,556.16,234.64,205.05,351.10,364.67,437.43,302.93,300.14,280.84,224.93,315.87,393.76,437.76,387.27,291.87,205.38,269.29
2013-01-01,274.07,244.96,262.10,407.75,342.29,382.93,617.75,402.67,278.96,253.64,456.56,248.95,269.83,293.29,242.72,233.22,285.46,243.12,603.77,406.87,446.80,236.66,299.94,267.43,238.49,357.34,298.05,293.25,254.73,376.66,452.96,283.11,202.81,556.92,233.58,205.04,353.72,364.88,435.17,302.42,303.1,281.13,226.59,318.66,393.31,439.56,390.04,290.86,204.92,270.42
2013-04-01,274.75,245.31,273.95,426.47,349.28,381.21,635.87,402.81,288.27,259.56,466.63,250.61,272.54,295.09,243.12,231.84,286.23,244.56,608.91,410.59,448.76,241.61,305.53,268.41,237.91,359.90,299.56,299.73,257.50,377.40,453.76,282.83,215.34,558.34,234.27,206.93,363.50,366.05,435.78,303.28,304.33,283.65,230.66,327.64,397.03,435.75,397.18,290.7,205.93,272.79
2013-07-01,274.13,246.01,282.06,447.46,357.75,380.74,656.67,404.26,295.62,263.04,475.36,251.59,281.16,295.71,243.91,234.37,285.74,246.20,615.85,412.14,446.04,247.17,311.94,268.68,238.58,364.81,300.22,310.86,258.85,381.85,454.23,282.61,228.97,561.14,235.44,207.82,373.67,367.58,436.26,303.81,308.48,284.35,234.56,335.27,397.74,437.5,405.58,290.89,207.88,272.94
2013-10-01,273.13,245.62,289.92,462.30,360.80,377.65,659.69,407.16,303.16,266.47,486.67,251.75,281.31,296.74,244.02,233.62,284.53,245.84,618.98,412.88,443.94,249.14,312.24,268.10,237.06,365.63,299.41,315.32,260.53,381.99,455.21,283.96,239.03,560.11,235.18,207.37,378.24,366.79,433.82,303.15,309.85,285.96,237.27,339.62,397.7,436.06,409.57,289.67,209.79,273.62
2014-01-01,274.82,246.97,295.47,471.93,365.82,376.30,674.36,406.26,307.45,270.29,490.24,251.53,285.71,297.56,243.74,234.59,284.75,246.68,622.90,414.08,445.80,251.48,314.14,268.65,239.22,369.79,301.00,318.30,260.75,385.89,457.64,282.56,244.91,560.57,235.54,209.75,383.68,366.80,435.93,304.23,309.39,287.32,241.29,341.68,399.15,432.9,413.94,289.06,208.92,277.25
2014-04-01,275.53,246.91,300.75,484.70,378.39,379.33,690.24,409.87,315.83,276.80,497.59,254.91,291.27,303.07,247.69,237.86,289.14,249.23,636.75,420.68,449.73,259.04,322.06,273.44,239.42,372.19,305.13,322.67,266.36,388.60,462.62,284.80,252.71,566.20,240.72,211.47,396.34,371.46,443.30,309.28,314.51,293.27,247.4,348.16,405.42,437.93,424.9,293.64,210.59,278.62
2014-07-01,278.57,249.14,303.79,494.83,386.76,381.93,697.26,414.78,322.63,282.10,507.76,257.62,295.33,307.31,250.17,241.34,290.39,252.90,643.94,423.49,457.27,264.86,325.25,275.69,241.98,380.41,308.09,330.57,268.82,394.69,466.99,287.36,262.21,574.39,243.44,214.25,403.17,374.19,450.97,312.95,317.27,295.9,251.87,351.99,408.39,439.03,434.22,296.89,212.72,282.78
2014-10-01,279.95,251.88,308.85,500.45,392.48,381.60,713.31,413.34,328.52,284.08,514.36,258.89,296.53,308.50,251.36,241.24,292.48,253.41,648.30,427.17,455.47,267.05,326.33,278.06,244.77,382.60,309.21,335.51,270.51,396.25,468.99,287.88,266.95,577.73,244.44,215.23,407.34,374.92,454.02,315.27,320.17,299.88,254.89,356.12,411.67,438.31,438.54,298.35,213.1,284.68
2015-01-01,282.88,251.95,311.44,505.69,400.00,386.44,719.39,420.12,335.85,288.29,526.34,259.88,302.07,311.92,254.21,243.22,295.27,256.92,653.97,429.70,461.55,268.29,327.19,280.33,246.58,384.99,314.18,338.89,272.34,399.72,473.00,289.22,271.73,583.15,245.82,217.04,413.83,378.98,458.37,321.00,323.14,302.49,258.65,359.68,413.84,442.14,444.47,300.35,212.67,286.86
2015-04-01,283.68,252.81,318.11,517.03,416.55,387.62,730.90,419.16,344.07,295.13,529.79,263.24,307.48,314.63,257.47,246.16,298.88,259.03,661.81,432.63,464.46,273.99,334.11,282.62,246.81,391.05,317.83,341.63,277.05,406.08,476.61,290.18,280.30,587.86,249.80,220.24,428.02,381.42,467.45,324.50,327.23,306.11,265.11,365.56,417.42,446.73,457.56,303.38,217.93,287.87
2015-07-01,285.44,256.27,324.56,530.20,431.55,385.32,747.46,421.88,352.56,298.86,537.34,265.65,313.93,315.72,258.23,248.99,300.51,262.04,672.59,432.57,466.79,278.76,339.11,285.29,249.67,394.41,320.37,348.22,281.71,410.99,477.47,293.43,288.30,592.84,252.44,222.44,441.37,383.12,469.67,327.55,330.61,311.55,270.8,372.82,418.97,446.4,470.3,305.92,216.3,294.62
2015-10-01,287.30,258.29,329.07,537.52,437.56,384.72,762.94,423.72,359.52,301.33,544.13,267.24,318.63,317.16,260.14,249.22,302.97,262.13,676.55,433.58,469.83,279.98,339.94,288.44,251.24,398.18,323.28,348.77,282.70,411.54,478.28,292.27,295.35,593.69,253.09,223.62,448.44,383.61,472.84,331.32,334.4,314.3,273.08,377.83,420.81,445,478.26,307.75,218.01,293.89
2016-01-01,287.99,257.06,333.00,544.56,445.38,385.00,769.18,424.60,366.23,304.26,558.56,268.85,323.23,318.60,260.21,251.35,304.51,264.81,683.88,437.45,473.94,282.23,341.91,290.73,252.15,401.99,327.06,349.25,282.42,414.87,481.13,294.22,298.82,596.79,254.22,224.04,458.25,385.24,474.04,334.22,337.25,318.45,277.01,383.36,420,444.28,487.73,310.49,218.88,293.76
2016-04-01,292.07,260.94,339.93,554.21,461.06,386.84,785.85,428.88,375.56,312.57,561.25,271.57,328.98,322.85,265.19,256.38,310.03,268.31,693.39,442.18,478.15,288.36,349.67,294.53,253.81,403.96,332.15,351.45,288.37,420.48,486.95,299.14,306.42,606.32,258.76,226.07,474.91,391.26,484.16,339.67,340.01,324.37,284.1,392,427.01,450.84,505.2,314.82,219.79,296.44
2016-07-01,296.58,263.65,345.58,566.34,473.54,390.29,791.56,433.42,385.80,318.42,572.52,275.43,339.88,327.48,269.04,260.07,313.31,270.87,705.71,447.89,488.58,293.92,355.02,299.29,254.76,410.24,338.74,355.14,293.69,427.84,491.71,300.61,315.42,614.70,263.96,228.17,489.23,395.37,492.72,347.72,346.76,330.33,289.87,401.14,431.09,455.35,520.52,319.2,220.91,298.61
2016-10-01,295.65,264.95,351.18,573.16,480.39,390.48,805.56,436.68,392.20,321.14,578.11,276.69,341.53,328.36,270.65,261.88,315.27,272.28,712.20,449.45,492.79,296.02,356.93,300.57,259.17,412.52,340.33,354.64,294.58,430.14,493.44,305.21,320.59,620.16,263.58,228.31,496.88,396.31,500.64,348.44,348.83,334.75,292.83,405.83,432.87,454.08,527.86,321.25,222.2,298.29
2017-01-01,297.22,267.89,356.33,579.13,488.59,385.06,802.72,435.28,399.45,323.16,578.50,278.58,348.16,327.04,271.23,261.56,318.00,270.81,715.87,447.11,496.56,299.74,360.48,301.98,258.97,419.98,341.73,356.46,298.14,432.92,488.37,303.98,323.95,621.76,264.91,231.25,502.36,397.11,503.24,352.36,351.85,338.62,296.76,412.98,432.16,455.45,537.3,324.24,219.61,297.34
2017-04-01,300.84,269.23,365.53,591.14,505.63,390.49,823.10,437.96,409.23,331.86,586.51,282.37,361.78,331.26,276.28,268.61,324.39,274.28,734.63,455.45,500.60,307.92,370.90,308.18,259.18,424.09,351.88,355.62,306.65,442.92,496.40,306.76,336.82,631.60,272.42,234.13,518.05,404.38,512.43,358.60,359.47,347.17,305.63,426.72,440.94,460.74,558.4,331.98,221.6,300.33
2017-07-01,303.80,272.04,373.24,602.91,513.75,392.94,833.73,438.68,416.48,336.81,595.61,285.80,369.58,335.16,281.10,271.18,328.88,277.91,744.94,458.97,510.62,313.95,376.08,311.86,261.99,432.29,356.74,359.66,310.11,450.67,503.01,312.30,346.12,644.22,275.91,235.31,527.20,409.34,522.54,365.54,364.37,354.05,310.08,436.62,443.48,461.35,574.85,336.09,222.67,301.44
2017-10-01,305.65,274.34,377.61,611.56,520.82,392.79,839.36,442.99,424.52,340.29,598.87,286.89,375.29,335.78,283.28,272.07,329.55,278.87,750.91,461.79,516.37,315.77,377.44,314.27,263.29,434.09,358.46,357.86,311.89,454.09,504.20,313.27,354.62,650.33,276.77,236.54,530.37,410.50,529.03,367.41,365.45,358.68,312.85,442.53,445.17,468.01,583.31,336.61,226.07,304.41
2018-01-01,309.07,277.07,385.45,622.00,534.77,391.19,849.62,449.31,433.07,347.90,605.02,288.12,387.41,337.50,287.96,276.23,334.01,278.98,759.52,464.42,521.91,319.77,382.87,318.85,265.73,441.27,364.95,359.25,315.13,460.94,507.27,314.99,365.53,657.21,280.67,237.11,537.88,415.08,539.31,375.58,370.43,364.25,317.1,451.69,449.73,470.63,597.01,341.36,225.47,309.42
2018-04-01,313.72,279.75,393.53,633.87,548.41,394.13,862.93,452.07,441.44,356.17,611.16,293.58,404.71,339.65,294.76,281.28,338.39,279.73,773.86,468.71,530.85,327.66,391.59,323.87,265.58,450.38,373.22,361.24,321.95,470.01,511.84,319.84,381.12,665.08,286.47,240.35,551.33,420.68,546.66,380.27,374.4,372.21,324.09,466.82,455.11,476.39,618.1,349.87,228.91,308.26
2018-07-01,316.74,282.24,402.62,641.86,556.83,397.74,867.63,453.93,448.85,362.08,615.21,295.65,416.69,340.83,298.46,282.16,341.20,281.18,783.39,469.37,538.43,332.83,396.26,327.22,266.95,455.47,378.06,361.12,326.90,476.74,515.49,322.58,392.39,676.01,290.89,241.91,557.26,424.88,553.57,385.48,379.27,377.85,328.25,476.49,457.71,477.73,625.32,354.24,228.6,312.98
2018-10-01,317.39,284.34,407.27,641.79,558.45,395.74,879.19,457.63,452.28,364.16,618.58,296.33,424.08,340.26,300.71,284.67,342.78,281.53,784.36,467.36,540.42,333.58,395.58,329.95,269.17,460.85,380.67,362.84,327.39,478.96,516.08,325.12,398.51,676.34,291.37,242.63,558.45,424.86,555.22,386.97,383.31,381.55,329.29,482.69,458.03,476.46,626.66,355.49,228.09,315.5
2019-01-01,323.25,286.81,412.54,645.92,566.12,397.87,884.74,460.85,459.27,369.53,625.79,298.01,432.84,343.26,304.76,287.01,346.48,284.53,793.64,472.12,545.63,337.95,400.29,332.81,272.43,463.30,386.67,365.12,331.88,483.88,520.13,327.22,400.83,682.04,294.69,245.73,564.83,429.64,560.37,392.35,385.56,385.76,333.19,491.04,463.28,481.23,635.38,359.11,228.77,314.66
2019-04-01,327.67,290.18,420.72,652.51,575.04,404.25,890.27,468.28,465.29,377.04,627.55,301.78,447.71,348.27,310.44,292.10,351.90,287.31,805.52,480.11,558.21,344.85,407.84,339.08,275.69,472.78,393.54,370.12,338.98,493.07,528.05,334.90,406.58,693.01,300.99,247.64,574.17,437.82,570.78,400.61,391.37,393.33,339.12,500.93,472.3,491.93,648.26,365.68,232.12,323.61
2019-07-01,332.44,293.32,427.05,659.40,580.33,408.75,904.43,473.73,472.92,382.48,633.37,304.85,457.99,351.63,315.14,295.55,357.25,289.29,814.86,485.12,565.76,349.05,412.47,342.93,279.03,479.43,398.02,373.03,342.09,500.23,536.02,340.62,410.31,703.07,305.51,252.29,581.11,443.64,577.62,405.97,396.17,399.03,343.09,509.11,477.36,499.12,656.62,370.33,234.69,327.93
2019-10-01,336.34,295.84,434.40,663.69,585.16,411.22,910.46,476.60,479.03,386.25,639.03,306.80,468.76,353.29,318.45,297.46,359.43,291.72,822.38,486.76,573.15,351.53,414.80,347.52,280.24,485.82,403.13,374.74,344.14,505.91,539.72,343.37,413.36,710.64,308.34,253.75,586.57,446.57,584.88,409.73,401.12,403.95,345.66,516.56,480.94,499.77,664.09,372.73,237.08,332.43
2020-01-01,340.23,297.69,443.13,669.93,591.48,412.81,918.24,482.99,486.34,392.13,639.00,308.94,479.17,354.88,322.02,301.68,363.58,294.59,831.00,492.09,578.49,354.82,418.81,351.41,284.38,492.56,409.18,376.12,348.36,512.57,544.45,348.62,417.82,717.16,312.81,257.71,592.25,452.35,589.95,415.79,406.39,409.91,349.4,523.41,486.09,506.84,675.46,375.76,238.07,335.29
2020-04-01,345.12,300.34,450.87,677.61,598.49,417.13,920.08,486.27,492.56,396.25,647.18,310.55,488.19,356.82,325.73,304.39,367.69,297.35,839.49,496.61,587.48,358.60,422.14,353.99,284.68,493.52,412.68,375.37,350.89,520.43,549.74,352.50,423.25,723.13,315.76,259.66,599.82,456.23,597.43,418.95,408.15,414.5,351.99,532.9,491.55,509.81,685.82,378.53,240.62,337.33
2020-07-01,351.73,304.71,461.88,685.53,607.91,426.28,930.71,496.67,501.04,403.93,640.42,313.53,506.98,360.61,332.77,310.93,374.14,299.63,854.38,503.00,600.52,366.47,430.96,360.66,289.12,507.58,420.46,380.95,355.63,532.53,559.32,359.75,429.16,734.95,323.13,263.23,610.21,465.67,609.33,426.24,413.66,423.38,357.31,545.74,499.78,521.27,701.45,385.73,245.01,342.09
2020-10-01,359.11,312.23,478.18,699.67,620.34,437.88,951.26,504.33,514.45,412.43,651.01,318.33,530.90,365.08,340.95,317.19,381.68,303.39,871.55,512.30,622.54,374.09,438.77,367.85,294.18,524.11,430.79,385.68,362.84,547.84,571.17,367.46,438.89,750.94,330.93,268.40,626.82,473.82,627.27,434.62,424.2,433.66,365.52,564.71,509.09,535.28,719.98,393.6,248.08,349.54
2021-01-01,366.55,317.72,499.51,719.24,637.05,449.46,961.23,519.65,531.08,424.61,660.31,321.64,559.31,369.42,347.65,322.74,388.80,307.06,890.49,523.91,641.16,381.99,445.59,375.11,298.40,541.29,441.59,386.15,369.19,564.12,585.19,377.67,455.17,768.70,337.11,273.38,647.76,485.32,644.55,444.83,429.63,446.15,374.19,587.8,519.75,548.88,741.55,399.11,252.75,355.21
2021-04-01,383.76,333.84,539.26,761.90,682.96,472.42,1001.51,541.54,565.86,449.01,694.73,337.06,618.58,386.10,367.84,341.32,406.50,315.40,938.34,548.44,681.33,403.33,469.43,398.20,309.16,584.44,467.71,396.76,390.62,598.32,613.19,393.35,484.07,796.22,354.08,285.97,690.83,506.93,683.86,469.78,458.67,473.96,396.09,644.94,543.76,574.71,797.76,420.67,259.24,369.49
2021-07-01,405.68,352.42,584.01,801.54,723.43,498.16,1025.59,567.54,607.63,476.30,722.45,351.47,669.65,399.55,386.10,356.38,427.04,326.08,987.36,570.34,729.28,424.20,492.00,415.79,326.09,626.56,499.00,411.81,410.15,634.18,643.01,415.73,521.59,836.51,372.27,300.90,733.24,531.40,727.61,496.34,484.48,505.75,421.33,694.38,568.86,610.78,844.57,441.57,272.78,392.22
2021-10-01,422.15,367.95,613.79,834.06,743.97,508.61,1034.71,587.85,642.06,500.66,757.80,358.44,693.12,408.92,399.24,363.05,440.93,333.68,1009.98,583.07,752.20,433.44,500.55,427.86,335.74,655.55,521.80,419.93,419.18,653.63,663.96,430.24,544.40,855.79,381.30,310.11,753.16,543.04,747.97,519.70,503.15,532.26,438.89,720.5,582.68,629.85,872.75,451.46,280.44,405.86
2022-01-01,434.35,378.36,643.06,868.40,775.03,522.27,1060.20,605.37,678.22,525.21,795.56,366.16,717.51,419.72,411.32,374.96,452.76,342.16,1035.86,599.70,778.85,445.42,511.94,442.95,345.25,683.35,547.52,426.18,429.43,673.05,685.16,443.76,566.63,877.51,393.05,321.27,777.23,558.68,769.02,544.07,519.84,559.47,459.65,754.9,601.45,648.46,910.8,463.43,284.33,416.43
2022-04-01,460.45,402.61,693.14,922.93,835.95,555.13,1104.96,642.21,734.87,563.76,840.48,390.50,771.50,446.02,437.51,399.77,479.65,358.75,1103.96,628.63,835.61,474.13,545.55,472.93,361.09,735.16,593.37,447.67,462.69,720.85,731.05,466.81,606.03,929.16,419.24,340.01,822.21,588.35,828.38,580.54,555.62,603.15,492.95,813.04,641.55,695.62,974.27,498.9,298.05,440.17
2022-07-01,474.78,416.73,702.91,917.43,827.46,565.42,1095.05,645.59,766.55,579.84,895.59,398.89,769.90,451.34,447.60,406.64,489.18,361.70,1114.11,629.66,859.66,480.71,544.12,478.65,375.57,749.12,611.89,455.49,467.11,737.11,745.19,480.41,607.70,950.56,426.04,347.69,817.01,599.05,838.11,602.46,567.29,622.57,503.65,808.48,649.62,730.56,966.19,509.61,303.63,451.63
2022-10-01,475.18,416.58,680.08,896.33,810.79,564.51,1075.99,650.76,765.85,581.32,882.21,396.25,742.31,446.20,445.07,401.70,493.28,359.80,1101.65,629.29,859.17,474.42,535.47,477.54,378.02,753.89,610.41,457.97,465.89,733.48,746.90,484.96,589.96,945.71,422.23,351.14,796.55,601.52,828.39,607.63,569.87,623.45,500.05,783.84,649.77,717.9,938.39,506.73,302.35,450.62
2023-01-01,481.20,424.70,672.86,892.69,811.18,571.32,1046.76,663.90,767.26,585.22,873.85,399.72,745.92,449.60,447.94,404.30,498.89,359.02,1112.99,631.67,871.35,477.33,538.23,484.47,375.28,747.67,617.74,454.71,475.75,747.34,753.03,486.54,579.41,945.78,428.04,353.94,793.60,605.36,840.82,613.84,571.88,626.74,499.41,777.8,657.83,732.67,936.22,511.99,306.91,451.86
2023-04-01,488.98,434.88,685.70,914.96,832.20,599.74,1062.00,672.17,785.74,603.22,887.90,410.87,744.91,467.64,469.36,425.09,513.98,362.57,1153.48,657.43,921.09,500.59,561.28,505.19,381.60,784.91,637.76,467.34,492.95,778.20,783.94,498.42,586.30,980.86,446.96,362.90,814.89,622.77,875.21,629.75,587.81,641.7,507.59,793.15,680.88,771.42,965.15,537.62,305.42,455.07